source	target	depth
contract	arbitration clause	1
contract	bill of sale	1
contract	conflict of contract laws	1
contract	contract awarding	1
contract	contract farming	1
contract	contract management	1
contract	contract of sale	1
contract	contract theory	1
contract	wikt:contracting	1
contract	design by contract	1
contract	document automation	1
contract	electronic signature	1
contract	estoppel	1
contract	ethical implications in contracts	1
contract	force majeure	1
contract	further assurances	1
contract	gentlemen's agreement	1
contract	good faith	1
contract	implicit contract theory	1
contract	indenture	1
contract	information asymmetry	1
contract	invitation to treat	1
contract	legal remedy	1
contract	letters of assist	1
contract	meet-or-release contract	1
contract	memorandum of understanding	1
contract	negotiation	1
contract	option contract	1
contract	order (business)	1
contract	peppercorn (legal)	1
contract	perfect tender rule	1
contract	principal–agent problem	1
contract	quasi-contract	1
contract	restitution	1
contract	smart contract	1
contract	social contract	1
contract	specification (technical standard)	1
contract	standard form contract	1
contract	stipulation	1
contract	tortious interference	1
contract	unjust enrichment	1
contract	voidable contract	1
contract	australian contract law	1
contract	sharia	1
contract	law of obligations (bulgaria)	1
contract	english contract law	1
contract	german contract law	1
contract	indian contract law	1
contract	south african contract law	1
contract	united states contract law	1
project management	agile construction	1
project management	architectural engineering	1
project management	construction management	1
project management	cost engineering	1
project management	facilitation (business)	1
project management	industrial engineering	1
project management	project production management	1
project management	project management software	1
project management	project portfolio management	1
project management	project workforce management	1
project management	software project management	1
project management	systems engineering	1
project management	collaborative project management	1
project management	decision-making	1
project management	game theory	1
project management	earned value management	1
project management	human factors	1
project management	kanban (development)	1
project management	operations research	1
project management	process architecture	1
project management	program management	1
project management	project accounting	1
project management	project governance	1
project management	project management simulation	1
project management	small-scale project management	1
project management	software development process	1
project management	systems development life cycle	1
project management	comparison of project management software	1
project management	glossary of project management	1
project management	timeline of project management	1
comparison of project management software	kanban (development)	2
comparison of project management software	project management	2
comparison of project management software	project planning	2
comparison of project management software	comparison of scrum software	2
comparison of project management software	comparison of development estimation software	2
comparison of project management software	comparison of source code hosting facilities	2
comparison of project management software	comparison of crm systems	2
systems development life cycle	application lifecycle management	2
systems development life cycle	decision cycle	2
systems development life cycle	ipo model	2
systems development life cycle	software development methodologies	2
software development process	systems development life cycle	2
software development process	computer-aided software engineering	2
software development process	openup	2
software development process	project management	2
software development process	software development	2
software development process	software development effort estimation	2
software development process	software release life cycle	2
software development process	top-down and bottom-up design	2
project management simulation	case study	2
project management simulation	project management	2
project management simulation	project manager	2
project management simulation	serious game	2
project management simulation	simulation game	2
project management simulation	simulation	2
project management simulation	training simulation	2
project management simulation	project team builder	2
project management simulation	simultrain	2
project management simulation	sensitivity analysis	2
project governance	cost overrun	2
project accounting	accounting	2
project accounting	accounting software	2
project accounting	project management	2
project accounting	project management software	2
project accounting	project manager	2
project accounting	audit	2
project accounting	financial accounting	2
project accounting	management accounting	2
program management	cost overrun	2
program management	project management institute	2
program management	systems engineering	2
program management	comparison of project management software	2
process architecture	complex system	2
process architecture	enterprise information security architecture	2
process architecture	flowchart	2
process architecture	information architecture	2
process architecture	method engineering	2
process architecture	petri net	2
process architecture	process calculus	2
process architecture	process engineering	2
process architecture	process management	2
process architecture	process modeling	2
process architecture	process theory	2
process architecture	system of systems	2
process architecture	systems architecture	2
process architecture	systems theory	2
process architecture	workflow	2
operations research	black box	2
operations research	dynamic programming	2
operations research	inventory theory	2
operations research	optimal maintenance	2
operations research	real options valuation	2
operations research	george dantzig	2
operations research	leonid kantorovich	2
operations research	tjalling koopmans	2
operations research	russell l. ackoff	2
operations research	stafford beer	2
operations research	alfred blumstein	2
operations research	c. west churchman	2
operations research	william w. cooper	2
operations research	robert dorfman	2
operations research	richard m. karp	2
operations research	ramayya krishnan	2
operations research	frederick w. lanchester	2
operations research	thomas l. magnanti	2
operations research	alvin e. roth	2
operations research	peter whittle (mathematician)	2
operations research	behavioral operations research	2
operations research	big data	2
operations research	business engineering	2
operations research	business process management	2
operations research	database normalization	2
operations research	engineering management	2
operations research	geographic information system	2
operations research	industrial engineering	2
operations research	industrial organization	2
operations research	managerial economics	2
operations research	military simulation	2
operations research	power system simulation	2
operations research	project production management	2
operations research	reliability engineering	2
operations research	scientific management	2
operations research	search-based software engineering	2
operations research	simulation modeling	2
operations research	supply chain engineering	2
operations research	system safety	2
operations research	wargaming	2
kanban (development)	lean software development	2
human factors	3d body scanning	2
human factors	accessibility	2
human factors	anthropometrics	2
human factors	back injury	2
human factors	carpal tunnel syndrome	2
human factors	cognitive ergonomics	2
human factors	cognitive load	2
human factors	computer-aided ergonomics	2
human factors	ergonomics in canada	2
human factors	human–computer interaction	2
human factors	human error	2
human factors	human factors in engineering and design	2
human factors	human-in-the-loop	2
human factors	human performance modeling	2
human factors	human reliability	2
human factors	industrial noise	2
human factors	latent human error	2
human factors	manual handling	2
human factors	mockup	2
human factors	musculoskeletal disorder	2
human factors	needs analysis	2
human factors	occupational health science	2
human factors	repetitive strain injury	2
human factors	rohmert's law	2
human factors	procrustes	2
human factors	antonym	2
human factors	spinal disc herniation	2
human factors	system usability scale	2
human factors	activity-centered ergonomics	2
human factors	accident analysis	2
human factors	crew resource management	2
human factors	design for all (inclusion)	2
human factors	engineering psychology	2
human factors	environmental design	2
human factors	experience design	2
human factors	human-centered computing (discipline)	2
human factors	human factors integration	2
human factors	industrial and organizational psychology	2
human factors	industrial design	2
human factors	industrial engineering	2
human factors	industrial hygiene	2
human factors	light ergonomics	2
human factors	maintenance resource management	2
human factors	occupational health psychology	2
human factors	occupational therapy	2
human factors	participatory ergonomics	2
human factors	safety engineering	2
human factors	single pilot resource management	2
human factors	systems engineering	2
human factors	systems psychology	2
human factors	ubiquitous computing	2
human factors	universal design	2
human factors	usability	2
human factors	user experience design	2
human factors	user-centered design	2
human factors	m. m. ayoub	2
human factors	john chris jones	2
human factors	donald norman	2
human factors	richard pew	2
human factors	thomas b. sheridan	2
human factors	neville a. stanton	2
human factors	frederic bartlett	2
human factors	alphonse chapanis	2
human factors	niels diffrient	2
human factors	henry dreyfuss	2
human factors	paul fitts	2
human factors	frank bunker gilbreth, sr.	2
human factors	lillian moller gilbreth	2
human factors	:de:étienne grandjean	2
human factors	w. e. hick	2
human factors	john karlin	2
human factors	:fr:maurice de montmollin	2
human factors	frederick winslow taylor	2
earned value management	critical chain project management	2
earned value management	earned schedule	2
game theory	applied ethics	2
game theory	chainstore paradox	2
game theory	chemical game theory	2
game theory	collective intentionality	2
game theory	combinatorial game theory	2
game theory	confrontation analysis	2
game theory	glossary of game theory	2
game theory	intra-household bargaining	2
game theory	kingmaker scenario	2
game theory	law and economics	2
game theory	parrondo's paradox	2
game theory	precautionary principle	2
game theory	quantum game theory	2
game theory	quantum refereed game	2
game theory	rationality	2
game theory	mechanism design	2
game theory	risk management	2
game theory	self-confirming equilibrium	2
game theory	tragedy of the commons	2
game theory	zermelo's theorem (game theory)	2
decision-making	aboulomania	2
decision-making	adaptive performance	2
decision-making	agent (economics)	2
decision-making	analytic hierarchy process	2
decision-making	argument map	2
decision-making	business decision mapping	2
decision-making	choice architecture	2
decision-making	choice modelling	2
decision-making	concept driven strategy	2
decision-making	decision downloading	2
decision-making	decision fatigue	2
decision-making	decision quality	2
decision-making	decision-making unit	2
decision-making	foresight (psychology)	2
decision-making	framing (social sciences)	2
decision-making	free will	2
decision-making	idea networking	2
decision-making	robust decision	2
collaborative project management	project management	2
collaborative project management	learning agenda	2
collaborative project management	collaboration tool	2
systems engineering	arcadia (engineering)	2
systems engineering	control engineering	2
systems engineering	design review (u.s. government)	2
systems engineering	enterprise systems engineering	2
systems engineering	industrial engineering	2
systems engineering	interdisciplinarity	2
systems engineering	management cybernetics	2
systems engineering	model-based systems engineering	2
systems engineering	operations management	2
systems engineering	structured systems analysis and design method	2
systems engineering	system of systems engineering	2
systems engineering	system accident	2
systems engineering	systems architecture	2
systems engineering	systems development life cycle	2
systems engineering	systems thinking	2
systems engineering	theory of constraints	2
systems engineering	value-stream mapping	2
systems engineering	system information modelling	2
project portfolio management	aggregate project plan	2
project portfolio management	comparison of project-management software	2
project portfolio management	project management	2
project portfolio management	project management software	2
project portfolio management	project management simulation	2
project management software	calendaring software	2
project management software	comparison of project-management software	2
project management software	comparison of development estimation software	2
project management software	capital program and project management software	2
project management software	construction collaboration technology	2
project management software	online proofing	2
project management software	program evaluation and review technique	2
project management software	project accounting	2
project management software	project management information system software	2
project management software	project management simulation	2
project management software	project planning	2
project management software	project portfolio management	2
project management software	time-tracking software	2
project management software	workflow management system	2
industrial engineering	overall equipment effectiveness	2
industrial engineering	product design	2
industrial engineering	industrial design	2
industrial engineering	engineering economics	2
industrial engineering	engineering management	2
industrial engineering	enterprise engineering	2
industrial engineering	environment, health and safety	2
industrial engineering	human factors engineering	2
industrial engineering	industrial and production engineering	2
industrial engineering	industrial and systems engineering	2
industrial engineering	industrial engineering & management	2
industrial engineering	maintenance engineering	2
industrial engineering	manufacturing engineering	2
industrial engineering	occupational safety and health	2
industrial engineering	operations engineering	2
industrial engineering	operations research	2
industrial engineering	production engineering	2
industrial engineering	project management	2
industrial engineering	project production management	2
industrial engineering	quality engineering	2
industrial engineering	reverse engineering	2
industrial engineering	safety engineering	2
industrial engineering	sales process engineering	2
industrial engineering	sociotechnical systems	2
industrial engineering	statistical process control	2
industrial engineering	systems engineering	2
industrial engineering	toyota production system	2
industrial engineering	industrial engineering book of knowledge	2
industrial engineering	informs	2
industrial engineering	institute of industrial and systems engineers	2
industrial engineering	american society for engineering education	2
industrial engineering	american society for quality	2
industrial engineering	estiem	2
industrial engineering	indian institution of industrial engineering	2
industrial engineering	washington accord	2
facilitation (business)	decision conferencing	2
facilitation (business)	dialogue mapping	2
facilitation (business)	gradients of agreement scale	2
cost engineering	aace international	2
cost engineering	building estimator	2
cost engineering	construction management	2
cost engineering	cost estimate	2
cost engineering	construction estimating software	2
cost engineering	cost overrun	2
cost engineering	cost-plus contract	2
cost engineering	international cost engineering council	2
cost engineering	optimism bias	2
cost engineering	pre-construction services	2
cost engineering	project management	2
cost engineering	quantity surveyor	2
cost engineering	reference class forecasting	2
cost engineering	value engineering	2
construction management	architectural engineering	2
construction management	building officials	2
construction management	civil engineering	2
construction management	construction engineering	2
construction management	construction estimating software	2
construction management	cost overrun	2
construction management	cost engineering	2
construction management	earthquake engineering	2
construction management	engineering, procurement, and construction management	2
construction management	international building code	2
construction management	quality, cost, delivery	2
construction management	site manager	2
construction management	structural engineering	2
construction management	work breakdown structure	2
architectural engineering	architectural drawing	2
architectural engineering	architectural technologist	2
architectural engineering	architectural technology	2
architectural engineering	building engineer	2
architectural engineering	building officials	2
architectural engineering	civil engineering	2
architectural engineering	construction engineering	2
architectural engineering	contour crafting	2
architectural engineering	history of architectural engineering	2
architectural engineering	international building code	2
architectural engineering	mechanical, electrical, and plumbing	2
agile construction	electrical contractor	2
agile construction	procurement	2
agile construction	productivity	2
united states contract law	restatement (second) of contracts	2
united states contract law	uniform commercial code	2
united states contract law	uniform commercial code adoption	2
united states contract law	english contract law	2
united states contract law	united states tort law	2
united states contract law	civil procedure in the united states	2
united states contract law	contract theory	2
south african contract law	contract	2
south african contract law	english contract law	2
south african contract law	law of south africa	2
south african contract law	law of obligations	2
indian contract law	australian contract law	2
indian contract law	english contract law	2
indian contract law	german contract law	2
indian contract law	united states contract law	2
indian contract law	south african contract law	2
german contract law	abstraktionsprinzip	2
german contract law	drittwirkung	2
english contract law	unidroit	2
english contract law	principles of international commercial contracts	2
english contract law	principles of european contract law	2
english contract law	uniform commercial code	2
english contract law	restatement (second) of contracts	2
english contract law	south african contract law	2
english contract law	us contract law	2
english contract law	german contract law	2
english contract law	french contract law	2
english contract law	canadian contract law	2
english contract law	australian contract law	2
english contract law	uk commercial law	2
english contract law	uk company law	2
english contract law	uk labour law	2
sharia	dīn	2
sharia	glossary of islam	2
sharia	guardianship of the islamic jurists	2
sharia	imam nawawi's forty hadith	2
sharia	shafi'i	2
sharia	islamic republic	2
sharia	islamic sharia council	2
sharia	ma'ruf	2
sharia	theonomy	2
voidable contract	voidable	2
voidable contract	void contract	2
voidable contract	unenforceable	2
unjust enrichment	restitution	2
unjust enrichment	quasi-contract	2
unjust enrichment	contract	2
unjust enrichment	tort law	2
unjust enrichment	trust law	2
unjust enrichment	english unjust enrichment law	2
unjust enrichment	robert goff, baron goff of chieveley	2
unjust enrichment	gareth jones (lawyer)	2
unjust enrichment	peter birks	2
unjust enrichment	andrew burrows	2
unjust enrichment	graham virgo	2
unjust enrichment	charles mitchell (professor)	2
tortious interference	contorts	2
tortious interference	alienation of affections	2
standard form contract	electronic signatures in global and national commerce act	2
standard form contract	hobson's choice	2
standard form contract	non est factum	2
standard form contract	terms of service	2
specification (technical standard)	benchmarking	2
specification (technical standard)	change control	2
specification (technical standard)	guideline	2
specification (technical standard)	defense standard	2
specification (technical standard)	design specification	2
specification (technical standard)	diagnostic design specification	2
specification (technical standard)	documentation	2
specification (technical standard)	document management system	2
specification (technical standard)	formal specification	2
specification (technical standard)	functional specification	2
specification (technical standard)	identification of medicinal products	2
specification (technical standard)	manufacturing test requirement design specification	2
specification (technical standard)	open standard	2
specification (technical standard)	performance test (assessment)	2
specification (technical standard)	process specification	2
specification (technical standard)	product design specification	2
specification (technical standard)	publicly available specification	2
specification (technical standard)	revision control	2
specification (technical standard)	requirements analysis	2
specification (technical standard)	shop drawing	2
specification (technical standard)	specification and description language	2
specification (technical standard)	specification tree	2
specification (technical standard)	standardization	2
specification (technical standard)	statistical interference	2
specification (technical standard)	systems engineering	2
specification (technical standard)	submittals (construction)	2
specification (technical standard)	technical documentation	2
specification (technical standard)	tolerance (engineering)	2
specification (technical standard)	verification and validation	2
social contract	mandate of heaven	2
social contract	classical republicanism	2
social contract	consent	2
social contract	consent of the governed	2
social contract	constitution	2
social contract	self determination	2
social contract	contract	2
social contract	epicureanism	2
social contract	federalism	2
social contract	mandate (politics)	2
social contract	mayflower compact	2
social contract	monarchomachs	2
social contract	the racial contract	2
social contract	right of rebellion	2
social contract	school of salamanca	2
social contract	social capital	2
social contract	social cohesion	2
social contract	social contract (britain)	2
social contract	social disintegration	2
social contract	social justice in the liberal state	2
social contract	social rights (social contract theory)	2
social contract	social solidarity	2
social contract	societal collapse	2
social contract	consent theory	2
social contract	crito	2
social contract	plato	2
social contract	juan de mariana	2
smart contract	code and other laws of cyberspace	2
smart contract	decentralized application	2
smart contract	secure multiparty computation	2
smart contract	ricardian contract	2
restitution	blood money (term)	2
restitution	english unjust enrichment law	2
restitution	equity (legal concept)	2
restitution	quasi-contract	2
restitution	restitution (theology)	2
restitution	legal remedy	2
restitution	reparation (legal)	2
restitution	reparations agreement between israel and west germany	2
restitution	holocaust reparations	2
restitution	world war i reparations	2
restitution	reparations for slavery debate in the united states	2
restitution	reparations (website)	2
restitution	war reparations	2
restitution	reparations for slavery	2
restitution	slavery reparations scam	2
restitution	the national coalition of blacks for reparations in america	2
restitution	reparations (transitional justice)	2
quasi-contract	contract	2
quasi-contract	implied-in-fact contract	2
quasi-contract	promissory estoppel	2
quasi-contract	restitution	2
quasi-contract	unjust enrichment	2
quasi-contract	officious intermeddler	2
principal–agent problem	adverse selection	2
principal–agent problem	autonomous agency theory	2
principal–agent problem	contract theory	2
principal–agent problem	control fraud	2
principal–agent problem	cost overrun	2
principal–agent problem	fiduciary	2
principal–agent problem	honest services fraud	2
principal–agent problem	multiple principal problem	2
principal–agent problem	participative decision-making	2
principal–agent problem	self-dealing	2
principal–agent problem	structure and agency	2
principal–agent problem	the market for lemons	2
principal–agent problem	trustee	2
perfect tender rule	substantial performance	2
order (business)	bill of sale	2
order (business)	contract of sale	2
order (business)	delivery order	2
order (business)	distribution (business)	2
order (business)	marketing	2
order (business)	order (exchange)	2
order (business)	supply chain	2
option contract	offer and acceptance	2
option contract	firm offer	2
negotiation	alternative dispute resolution	2
negotiation	alternating offers protocol	2
negotiation	collaborative software	2
negotiation	collective action	2
negotiation	conciliation	2
negotiation	conflict resolution research	2
negotiation	consistency (negotiation)	2
negotiation	contract	2
negotiation	cross-cultural	2
negotiation	cross-cultural differences in decision-making	2
negotiation	diplomacy	2
negotiation	dispute resolution	2
negotiation	expert determination	2
negotiation	flipism	2
negotiation	game theory	2
negotiation	impasse	2
negotiation	international relations	2
negotiation	leadership	2
negotiation	multilateralism	2
negotiation	nash equilibrium	2
negotiation	principled negotiation	2
negotiation	prisoner's dilemma	2
negotiation	program on negotiation	2
negotiation	delaying tactic	2
memorandum of understanding	gentlemen's agreement	2
memorandum of understanding	letter of comfort (contract law)	2
memorandum of understanding	memorandum of conversation	2
letters of assist	department of peacekeeping operations	2
letters of assist	fixed price	2
letters of assist	offer and acceptance	2
letters of assist	task force scorpio	2
letters of assist	united nations humanitarian response depot	2
legal remedy	damages	2
legal remedy	compensatory damages	2
legal remedy	consequential damages	2
legal remedy	punitive damages	2
legal remedy	incidental damages	2
legal remedy	nominal damages	2
legal remedy	liquidated damages	2
legal remedy	statutory damages	2
legal remedy	reliance damages	2
legal remedy	treble damages	2
legal remedy	injunction	2
legal remedy	account of profits	2
legal remedy	constructive trust	2
legal remedy	equitable lien	2
legal remedy	subrogation	2
legal remedy	specific performance	2
legal remedy	rectification (law)	2
legal remedy	rescission (contract law)	2
legal remedy	restitution	2
legal remedy	declaratory judgment	2
legal remedy	adequate remedy	2
legal remedy	civil remedy	2
legal remedy	civil and political rights	2
legal remedy	election of remedies	2
legal remedy	equity (law)	2
legal remedy	equitable remedy	2
legal remedy	habeas corpus	2
legal remedy	provisional remedy	2
invitation to treat	offer and acceptance	2
information asymmetry	artificial scarcity	2
information asymmetry	asymmetric competition	2
information asymmetry	bounded rationality	2
information asymmetry	inequality of bargaining power	2
information asymmetry	perfect information	2
information asymmetry	real prices and ideal prices	2
indenture	coolitude	2
indenture	corporate finance	2
indenture	debt security	2
indenture	debt bondage	2
indenture	debenture	2
indenture	indentured servant	2
indenture	indian indenture system	2
indenture	irish slaves myth	2
indenture	prospectus (finance)	2
indenture	securities law	2
indenture	slavery	2
good faith	bad faith	2
good faith	convention relating to the status of refugees	2
good faith	hanlon's razor	2
good faith	honor system	2
good faith	kindness	2
good faith	make one's bones	2
good faith	pacta sunt servanda	2
good faith	uberrima fides	2
gentlemen's agreement	antitrust	2
gentlemen's agreement	gentlemen's agreement of andhra pradesh (1956)	2
gentlemen's agreement	good faith	2
gentlemen's agreement	handshake	2
gentlemen's agreement	memorandum of understanding	2
gentlemen's agreement	news embargo	2
force majeure	act of god	2
force majeure	contract law	2
force majeure	hardship clause	2
force majeure	hell or high water clause	2
force majeure	impossibility	2
force majeure	mutual assent	2
force majeure	substantial performance	2
estoppel	acquiescence	2
estoppel	assignor estoppel	2
estoppel	collateral estoppel	2
estoppel	de facto corporation and corporation by estoppel	2
estoppel	direct estoppel	2
estoppel	estoppel by deed	2
estoppel	judicial estoppel	2
estoppel	licensee estoppel	2
estoppel	mcdonald v attorney-general	2
estoppel	civil law (legal system)	2
estoppel	prosecution history estoppel	2
document automation	document composition	2
document automation	document modelling	2
document automation	document processor	2
document automation	intelligent document	2
document automation	template processor	2
document automation	turnaround document	2
design by contract	component-based software engineering	2
design by contract	correctness (computer science)	2
design by contract	defensive programming	2
design by contract	fail-fast	2
design by contract	formal methods	2
design by contract	hoare logic	2
design by contract	modular programming	2
design by contract	program derivation	2
design by contract	program refinement	2
design by contract	test-driven development	2
design by contract	typestate analysis	2
contract theory	agency cost	2
contract theory	allocative efficiency	2
contract theory	complete contract	2
contract theory	incomplete contracts	2
contract theory	clawback	2
contract theory	contract	2
contract theory	contract awarding	2
contract theory	default rule	2
contract theory	mechanism design	2
contract theory	new institutional economics	2
contract theory	perverse incentive	2
contract of sale	contract for future sale	2
contract of sale	danish sale of goods act	2
contract of sale	sale of goods act 1893	2
contract of sale	sale of goods act 1979	2
contract of sale	consumer rights act 2015	2
contract of sale	bill of sale	2
contract of sale	part exchange	2
contract of sale	tendering	2
contract management	commercial management	2
contract management	contract management software	2
contract management	document automation	2
contract management	government contract	2
contract management	national contract management association	2
contract management	group purchasing organization	2
contract management	office of federal contract compliance programs	2
contract management	uniform commercial code	2
contract management	united nations convention on contracts for the international sale of goods	2
contract management	relational contract	2
contract management	vested outsourcing	2
contract farming	agriculture	2
contract farming	agricultural marketing	2
contract farming	agricultural value chain	2
contract farming	agribusiness	2
contract farming	food systems	2
contract farming	food quality	2
contract awarding	contract	2
contract awarding	contract theory	2
contract awarding	government procurement	2
contract awarding	public works	2
contract awarding	tender offer	2
contract awarding	contract management	2
bill of sale	contract of sale	2
bill of sale	hire purchase	2
bill of sale	manufacturer’s certificate of origin	2
arbitration clause	epic systems corp. v. lewis	2
arbitration clause	united states supreme court	2
arbitration clause	national labor relations act	2
